id,site,job_url,job_url_direct,title,company,location,date_posted,job_type,salary_source,interval,min_amount,max_amount,currency,is_remote,job_level,job_function,listing_type,emails,description,company_industry,company_url,company_logo,company_url_direct,company_addresses,company_num_employees,company_revenue,company_description,skills,experience_range,company_rating,company_reviews_count,vacancy_count,work_from_home_type
in-bf6648a470cc6007,indeed,https://www.indeed.com/viewjob?jk=bf6648a470cc6007,http://www.indeed.com/job/data-scientist-expertise-domo-and-python-bf6648a470cc6007,Data Scientist with expertise in DOMO and Python,The Preferred Prepaid,"Newport Beach, CA, US",2025-05-26,fulltime,direct_data,yearly,85000.0,120000.0,USD,True,,,,,"Data Scientist with expertise in DOMO and Python

**SmarterHome.ai**

Newport Beach, CA

**Compensation:** $85,000 \- $120,000 per year based on Experience

Full Time – Benefits – Immediately Hiring – Responsive Employer

**SmarterHome.ai,** a Master Distributor of top\-tier services in cable, internet, phone, wireless products, and home security, is immediately highly skilled and analytical **Data Scientist with expertise in DOMO and Python** to join our growing data team. As a **Data Scientist with expertise in DOMO and Python** with SmarterHome.AI, you will be responsible for developing data\-driven solutions and dashboards that drive business decisions, automate data workflows, and uncover insights from large, complex datasets. Your primary focus will be building scalable data models, performing advanced analytics, and creating intuitive, interactive visualizations in DOMO, all while leveraging Python for automation, ETL, and statistical analysis.

As the **Data Scientist with expertise in DOMO and Python for SmarterHome.ai,** you will enjoy great benefits including:

* Strong yearly salary based on your experience level that includes yearly increases based on performance.
* Personal Time Off.
* Medical, Dental and Vision insurance.
* Holidays off based on the SmarterHome.ai Holiday Schedule.
* Professional and rewarding work atmosphere.
* Growth opportunity to a senior leadership role within the company.

As the **Data Scientist with expertise in DOMO and Python for SmarterHome.ai**, you will be responsible for:

* Designing, developing, and maintaining interactive dashboards and reports in **DOMO** that meet stakeholder requirements.
* Writing efficient and reusable **Python scripts** for data processing, API integration, automation, and advanced analytics.
* Collaborating with business stakeholders to understand data needs and translate them into actionable insights.
* Building and maintaining **ETL pipelines** using Python and DOMO’s Magic ETL, connecting various data sources (SQL, APIs, cloud platforms).
* Performing exploratory data analysis, hypothesis testing, and statistical modeling to solve business problems.
* Applying machine learning techniques where applicable to enhance predictive insights.
* Optimizing data models and improving query performance in DOMO.
* Ensuring data quality, integrity, and compliance across systems and pipelines.
* Providing training and support to non\-technical users on leveraging DOMO dashboards.
* Staying updated on industry trends and best practices in data science and analytics.
* Contributing to the continuous improvement of data processes and methodologies.

For the position of **Data Scientist with expertise in DOMO and Python for SmarterHome.ai,** we are looking for someone with the following qualifications and skills:

* Bachelor’s or Master’s degree in Data Science, Computer Science, Statistics, Mathematics, or a related field.
* 3\+ years of experience as a Data Scientist, Business Intelligence Analyst, or similar role.
* Proven hands\-on experience with DOMO, including dashboard development, Beast Modes, and Magic ETL.
* Strong proficiency in Python for data analysis, automation, and integration (pandas, numpy, requests, etc.).
* Solid understanding of SQL and relational databases.
* Experience with APIs and data integration from multiple sources.
* Knowledge of statistical methods, data modeling, and machine learning algorithms.
* This is an in\-office Job, Monday–Friday. No remote work allowed.
* Excellent communication skills with the ability to explain complex data insights to non\-technical stakeholders.
* Must be willing to submit to a background check

**About SmarterHome.ai**

**SmarterHome.ai** is a Master Distributor for top\-tier services in cable, internet, phone, wireless products, and home security. We have partnered with some of the largest telecom companies to provide High Profit for distribution channels, cutting\-edge tech and sales solutions, and a support network to help our partners succeed! For over 25 years, we have been empowering partners with insight, knowledge, and incentives through our products and services so we can help these partners save money, time, and effort while exponentially increasing sales.

To learn more about **SmarterHome.ai** visit: ***https://smarterhome.ai/***

**SmarterHome.ai** is an Equal Opportunity Employer and does not discriminate in employment based on race, color, religion, creed, national origin, ancestry, sex/gender (including pregnancy, childbirth, breastfeeding/lactation, and related medical conditions), age, disability, genetic information, sexual orientation, gender identity or expression, citizenship status, military/veteran status, and any other characteristic under applicable federal, state, or local law.

Job Type: Full\-time

Pay: $85,000\.00 \- $120,000\.00 per year

Benefits:

* Dental insurance
* Health insurance
* Life insurance
* Paid time off
* Vision insurance

Schedule:

* 8 hour shift
* Day shift
* Monday to Friday

Experience:

* DOMO and Python: 2 years (Required)
* Data science: 3 years (Required)

Location:

* Newport Beach, CA 92660 (Preferred)

Ability to Commute:

* Newport Beach, CA 92660 (Required)

Work Location: In person",,https://www.indeed.com/cmp/The-Preferred-Prepaid-2,https://d2q79iu7y748jz.cloudfront.net/s/_squarelogo/256x256/12a1005342b72fdc005d2a4e1c89a93d,http://xyzies.com/,,,,,,,,,,
in-5e260a45919ab54e,indeed,https://www.indeed.com/viewjob?jk=5e260a45919ab54e,https://www2.jobdiva.com/portal/?a=rljdnwckmemsdoqhlhgx3mm4i19wpt03f36ca3yntxn3p4i6ji7k0ik9ye6vmpxj#/jobs/25582878,ML Engineer (MLOps),CloudRay Inc,"IN, US",2025-05-26,fulltime,direct_data,yearly,115148.0,146953.0,USD,False,,,,,"**Position:** ML Engineer (MLOps)
  
  

**Experience:** 9\+ years
  
  

**Work Mode:** Onsite
  
  

**Location:** Pune, Bangalore, Indore
  
  

**Budget:** 30\-35 LPA
  
  

**Notice Period:** Immediate Joiners
  
  

**Payroll:** Aligned Automation
  
  

**Must Have:** Python, databases, Postgres, ECS \- S3, LLMs, ML Flow hub, git hub.
  
  

**Job Summary:**  

Experienced individual with scrum, scoping issues, writing and implementing clean scalable code, submitting
  
  

pull requests and resolving issues found by linters/scanners, code reviews.",,https://www.indeed.com/cmp/Cloudray-Inc,,,,,,,,,,,,
in-93ea1e31fd22b039,indeed,https://www.indeed.com/viewjob?jk=93ea1e31fd22b039,https://www2.jobdiva.com/portal/?a=rljdnwckmemsdoqhlhgx3mm4i19wpt03f36ca3yntxn3p4i6ji7k0ik9ye6vmpxj#/jobs/25582884,AI/ML Engineer – Cloud & Generative AI,CloudRay Inc,"IN, US",2025-05-26,fulltime,direct_data,yearly,139383.0,172017.0,USD,True,,,,,"**Position:** AI/ML Engineer – Cloud \& Generative AI
  
  

**Experience:** 5\+ years
  
  

**Work Mode:** Remote
  
  

**Budget:** 60K(Flexible for exceptional profiles)
  
  

Technical Skills \& Expertise
  
  

* Programming:


o Expert\-level Python (5\+ years) – pandas, NumPy, Scikit\-learn, FastAPI
  
  

o Strong in SQL and NoSQL (MongoDB, DynamoDB)
  
  

* Machine Learning \& Deep Learning:


o Hands\-on with Scikit\-learn, PyTorch, and TensorFlow
  
  

o Fine\-tuning LLMs using frameworks like HuggingFace Transformers
  
  

o Experience with Agentic AI workflows (e.g., LangChain, AutoGPT)
  
  

* Cloud Platforms:


o AWS (SageMaker, Bedrock), GCP (Vertex AI, Gemini), Azure AI Studio
  
  

o Model deployment using managed services and containers (Docker, ECS, Cloud Run)
  
  

o CI/CD pipelines for ML (GitHub Actions, SageMaker Pipelines, Vertex Pipelines)
  
  

* OpenAI \& Generative AI:


o Prompt engineering, retrieval\-augmented generation (RAG), embeddings
  
  

o Integration with OpenAI APIs and model fine\-tuning (Davinci, GPT\-4\-turbo, Gemini)
  
  

Soft Skills \& Mindset
  
  

* Strong research mindset and hunger to explore emerging trends (RLHF, SLMs, foundation models)
* Proven experience working in fast\-paced, agile remote teams
* Architecture mindset – capable of designing scalable AI/ML systems
* Business\-first thinking – aligns AI solutions with real\-world outcomes",,https://www.indeed.com/cmp/Cloudray-Inc,,,,,,,,,,,,
in-7254fc5c468e1624,indeed,https://www.indeed.com/viewjob?jk=7254fc5c468e1624,https://careers.google.com/jobs/results/94274091799716550-customer-engineer-iii/,"Customer Engineer III, AI Infrastructure, Public Sector",Google,"Reston, VA, US",2025-05-26,fulltime,direct_data,yearly,147000.0,218000.0,USD,False,,,,,"Must be a US Citizen to meet customer and compliance requirements, including potential access to classified information.### **Minimum qualifications:**

* Bachelor's degree or equivalent practical experience.
* 10 years of experience with cloud native architecture in a customer\-facing or support role.
* Experience with frameworks for deep learning (e.g. PyTorch, Tensorflow, Jax, Ray, etc.), AI accelerators (e.g. TPUs, GPUs), model architectures (e.g. encoders, decoders, transformers), and using machine learning APIs.
* Experience engaging with, and presenting to, technical stakeholders and executive leaders.
* Ability to travel up to 40% of the time as required.
* Active TS Clearance with Polygraph.

  

### **Preferred qualifications:**

* Master's degree in Computer Science, Engineering, Mathematics, or a technical field.
* Experience with both GPU and TPU based infrastructure.
* Familiarity with prevailing AI related tooling (Slurm, vLLM, Ray, Vertex, Containers, etc.).
* Familiarity across the AI software development life cycle (data processing, model building, training, evaluation, deployment).

Ability to deliver results and work cross\-functionally to position and orchestrate a solution consisting of multiple products.  
* 

**About the job**
-----------------


When leading companies choose Google Cloud, it's a huge win for spreading the power of cloud computing globally. Once educational institutions, government agencies, and other businesses sign on to use Google Cloud products, you come in to facilitate making their work more productive, mobile, and collaborative. You listen and deliver what is most helpful for the customer. You assist fellow sales Googlers by problem\-solving key technical issues for our customers. You liaise with the product marketing management and engineering teams to stay on top of industry trends and devise enhancements to Google Cloud products.



In this role, you will accelerate Google Public Sector customer AI initiatives by owning the technical relationship with customer ML research teams to reduce time\-to\-value. You will guide customers through solution design, accelerator/framework selection, and ultimately helping ramp customer AI workloads onto Google's Hypercomputer technologies.


You will be a hybrid technical and business advisor. The advice and guidance you provide has wide ranging financial and technical implications. You will executive level qualities when engaging with customer leadership and direct the technical execution of winning and ramping customer AI workloads. You will partner across Google's sales, product, engineering, and research teams to articulate the true total value of each technical solution and the overall business partnership with Google Cloud.


Google Public Sector brings the magic of Google to the mission of government and education with solutions purpose\-built for enterprises. We focus on helping United States public sector institutions accelerate their digital transformations, and we continue to make significant investments and grow our team to meet the complex needs of local, state and federal government and educational institutions.

  

The US base salary range for this full\-time position is $147,000\-$218,000 \+ bonus \+ equity \+ benefits. Our salary ranges are determined by role, level, and location. Within the range, individual pay is determined by work location and additional factors, including job\-related skills, experience, and relevant education or training. Your recruiter can share more about the specific salary range for your preferred location during the hiring process.


Please note that the compensation details listed in US role postings reflect the base salary only, and do not include bonus, equity, or benefits. Learn more about benefits at Google.

**Responsibilities**
--------------------

* Accelerate customer time\-to\-value on the largest AI Infrastructure and HPC workloads in Google Public Sector.
* Build a trusted advisory relationship with customer architects, engineering leadership, and research teams. Identify customer priorities, technical objections and design strategies focused on Google AI Infrastructure and High\-Performance Computing (HPC) ecosystem to deliver business value and resolve blockers.
* Provide domain expertise around hardware accelerators (GPU/TPU), prevailing ML Frameworks (PyTorch, Keras, JAX), and model building techniques.
* Make recommendations on GPU/TPU hardware, framework selection, benchmarks, and model building to successfully implement a complete solution with opinionated guidance. Manage the holistic research engineering relationship with customers by collaborating with specialists, product management, technical teams, and more.
* Travel to customer sites, conferences, and other related events as required. Share domain knowledge internally through enablement sessions.
Google is proud to be an equal opportunity workplace and is an affirmative action employer. We are committed to equal employment opportunity regardless of race, color, ancestry, religion, sex, national origin, sexual orientation, age, citizenship, marital status, disability, gender identity or Veteran status. We also consider qualified applicants regardless of criminal histories, consistent with legal requirements. See also Google's EEO Policy and EEO is the Law. If you have a disability or special need that requires accommodation, please let us know by completing our Accommodations for Applicants form.",,https://www.indeed.com/cmp/Google,https://d2q79iu7y748jz.cloudfront.net/s/_squarelogo/256x256/fff4be3829cee39e477a518f55475f44,http://goo.gle/3ygdkgv,"Mountain View, CA","10,000+",more than $10B (USD),Our mission is to organize the world’s information and make it universally accessible and useful. ,,,,,,
in-415bcf3841c7a0c0,indeed,https://www.indeed.com/viewjob?jk=415bcf3841c7a0c0,https://careers.google.com/jobs/results/126812386077090502-software-engineer-iii/,"Software Engineer III, Front End, Google Labs AI",Google,"Mountain View, CA, US",2025-05-26,fulltime,direct_data,yearly,141000.0,202000.0,USD,False,,,,,"Note: By applying to this position you will have an opportunity to share your preferred working location from the following: **Mountain View, CA, USA; New York, NY, USA**.### **Minimum qualifications:**

* Bachelor’s degree in Computer Science or a related technical field, or equivalent practical experience.
* 2 years of experience with front\-end and user interface development.
* 2 years of experience with software development in one or more programming languages (e.g., JavaScript, TypeScript).
* 2 years of experience with data structures or algorithms.
* Experience building and debugging complex web applications.

  

### **Preferred qualifications:**

* Master's degree or PhD in Computer Science or related technical fields.
* Experience with React.js or other modern JavaScript frameworks (e.g., Angular, Vue.js).
* Experience in developing accessible technologies, in order to ensure that the products are usable by everyone.
* Experience with rich media applications, video processing, or computer graphics.
* Ability to demonstrate projects showcasing impactful front\-end contributions.

**About the job**
-----------------


Google's software engineers develop the next\-generation technologies that change how billions of users connect, explore, and interact with information and one another. Our products need to handle information at massive scale, and extend well beyond web search. We're looking for engineers who bring fresh ideas from all areas, including information retrieval, distributed computing, large\-scale system design, networking and data storage, security, artificial intelligence, natural language processing, UI design and mobile; the list goes on and is growing every day. As a software engineer, you will work on a specific project critical to Google’s needs with opportunities to switch teams and projects as you and our fast\-paced business grow and evolve. We need our engineers to be versatile, display leadership qualities and be enthusiastic to take on new problems across the full\-stack as we continue to push technology forward.



As a Frontend Software Engineer on the Google Flow team, you will be at the forefront of this innovation, bringing cutting\-edge generative AI capabilities directly into the hands of millions. You will work on a product that is scaling from early adoption to widespread impact, solving novel challenges in real\-time video editing, asynchronous APIs, and interactive user experiences. If you are passionate about building intuitive and powerful interfaces that unlock human creativity, and thrive in a dynamic, fluid environment, this is your opportunity to shape the future of creative expression.


Labs is a group focused on incubating early\-stage efforts in support of Google’s mission to organize the world’s information and make it universally accessible and useful. Our team exists to help discover and create new ways to advance our core products through exploration and the application of new technologies. We work to build new solutions that have the potential to transform how users interact with Google. Our goal is to drive innovation by developing new Google products and capabilities that deliver significant impact over longer timeframes.

  

The US base salary range for this full\-time position is $141,000\-$202,000 \+ bonus \+ equity \+ benefits. Our salary ranges are determined by role, level, and location. Within the range, individual pay is determined by work location and additional factors, including job\-related skills, experience, and relevant education or training. Your recruiter can share more about the specific salary range for your preferred location during the hiring process.


Please note that the compensation details listed in US role postings reflect the base salary only, and do not include bonus, equity, or benefits. Learn more about benefits at Google.

**Responsibilities**
--------------------

* Develop and launch impactful user\-facing features for Google Flow, focus on intuitive design and exceptional performance.
* Implement complex front\-end solutions for in\-browser video editing, real\-time feedback, and interaction with generative AI models.
* Collaborate with product, UX, and backend teams to translate user needs and creative goals into technical specifications and seamless experiences.
* Contribute to the architectural design and technical direction of the React.js\-based frontend, ensuring scalability and maintainability.
* Iterate rapidly on prototypes and production code, balancing speed of innovation with the delivery of robust and reliable features for a growing user base.
Google is proud to be an equal opportunity workplace and is an affirmative action employer. We are committed to equal employment opportunity regardless of race, color, ancestry, religion, sex, national origin, sexual orientation, age, citizenship, marital status, disability, gender identity or Veteran status. We also consider qualified applicants regardless of criminal histories, consistent with legal requirements. See also Google's EEO Policy and EEO is the Law. If you have a disability or special need that requires accommodation, please let us know by completing our Accommodations for Applicants form.",,https://www.indeed.com/cmp/Google,https://d2q79iu7y748jz.cloudfront.net/s/_squarelogo/256x256/fff4be3829cee39e477a518f55475f44,http://goo.gle/3ygdkgv,"Mountain View, CA","10,000+",more than $10B (USD),Our mission is to organize the world’s information and make it universally accessible and useful. ,,,,,,
li-4232596902,linkedin,https://www.linkedin.com/jobs/view/4232596902,,"Data Scientist (L6), Games",Netflix,"California, United States",2025-05-21,,,,,,,False,,,,,,,https://www.linkedin.com/company/netflix,,,,,,,,,,,,
li-4231868796,linkedin,https://www.linkedin.com/jobs/view/4231868796,,Data Scientist (L5) - Customer Service,Netflix,,2025-05-20,,,,,,,False,,,,,,,https://www.linkedin.com/company/netflix,,,,,,,,,,,,
li-4232230537,linkedin,https://www.linkedin.com/jobs/view/4232230537,,"Data Scientist, Product Analytics",Handshake,"San Francisco, CA",2025-05-20,,,,,,,False,,,,,,,https://www.linkedin.com/company/team-handshake,,,,,,,,,,,,
li-4231869729,linkedin,https://www.linkedin.com/jobs/view/4231869729,,Data Scientist (L5) - Customer Service Experimentation,Netflix,,2025-05-20,,,,,,,False,,,,,,,https://www.linkedin.com/company/netflix,,,,,,,,,,,,
li-4222400361,linkedin,https://www.linkedin.com/jobs/view/4222400361,,"Data Scientist, Analytics",Discord,,2025-05-06,,,,,,,False,,,,,,,https://www.linkedin.com/company/discord,,,,,,,,,,,,
in-f6e9752501b15311,indeed,https://www.indeed.com/viewjob?jk=f6e9752501b15311,https://acg.bamboohr.com/careers/12?source=indeed&src=indeed&postedDate=2025-05-25,Internship Opportunity - Computer Science related major,ACG,"Parsippany-Troy Hills, NJ, US",2025-05-25,parttime,,hourly,,,USD,True,,,,,"**Description:**

  

ACG believes in successful career development. As an Intern with ACG you will experience hands\-on training, and learn how to apply IBM Business Analytics Technologies to develop business solutions. Learn from top consultants and work alongside IT professionals, designing, developing, implementing and supporting first\-rate business solutions. Commonly used technologies are IBM Cognos TM1, Python, VBA, Oracle and SQL Server.

  

This internship will be a 4 week program requiring approximately 24 hours per week. The work will be done remotely and hours are flexible. The goal of the program is to begin training in the IBM Cognos Planning Analytics technology stack. Participates in this program will be considered for full time hybrid positions in Parsippany, NJ when and if they become available. This internship pays $20 per hour for participation in the program.

 **Qualifications:**

  

We are looking for an intern that will complete their undergraduate degree in December 2025 or a recent college graduate. Major must be in Computer Science, MIS or Finance/Business with experience in a programming capacity along with solid programming coursework. Previous classes and an interest in Finance is also a strongly desired skill set in a candidate. Will consider the following programming skills: General Object Orientated Programming concepts, Java, C, Python or Visual Basic, Relational Technologies (SQL Server, Oracle, SQL querying). Must have excellent communication skills.",,https://www.indeed.com/cmp/Acg,https://d2q79iu7y748jz.cloudfront.net/s/_squarelogo/256x256/cc051a89638ed3722793b7e922227513,,,,,,,,,,,
in-24a050c1e2d969de,indeed,https://www.indeed.com/viewjob?jk=24a050c1e2d969de,http://www.indeed.com/job/power-automate-developer-intern-data-science-transformation-track-24a050c1e2d969de,Power Automate Developer Intern – Data Science Transformation Track,Cordelia Capital,"Remote, US",2025-05-24,"parttime, fulltime, internship",direct_data,yearly,32882.0,48104.0,USD,True,,,,,"**Overview**  
We are seeking a skilled and motivated Data Scientist to join our dynamic team. The ideal candidate will possess a strong analytical mindset and be proficient in various data analysis techniques. As a Data Scientist, you will play a crucial role in interpreting complex data sets, developing predictive models, and providing actionable insights to drive business decisions. Your expertise will contribute significantly to enhancing our data\-driven strategies.

**Duties**

* Analyze large datasets to identify trends, patterns, and insights that can inform business strategies.
* Develop and implement machine learning models using frameworks such as TensorFlow or PyTorch.
* Utilize SQL for database querying and management to extract relevant data for analysis.
* Design and maintain databases to ensure efficient data storage and retrieval.
* Conduct data mining activities to gather valuable information from various sources.
* Collaborate with cross\-functional teams to understand their data needs and provide analytical support.
* Deploy models into production environments, ensuring they operate effectively within existing systems.
* Create visualizations and reports that communicate findings clearly to stakeholders.

**Requirements**

* Proficiency in programming languages such as Python and VBA for data manipulation and analysis.
* Strong knowledge of analytics tools, including SAS, for statistical analysis.
* Experience with model deployment processes and best practices.
* Familiarity with machine learning frameworks and their application in real\-world scenarios.
* Solid understanding of database design principles and experience with SQL for querying databases.
* Excellent problem\-solving skills with the ability to think critically about complex issues.
* Strong communication skills, both written and verbal, to convey technical information effectively.

We invite passionate individuals who are eager to leverage their skills in a collaborative environment to apply for this exciting opportunity as a Data Scientist.

Job Types: Full\-time, Part\-time, Internship

Pay: From $1,000\.00 per month

Benefits:

* Flexible schedule
* Health insurance
* Paid time off

Work Location: Remote",,https://www.indeed.com/cmp/Cordelia-Capital,,,,,,,,,,,,
in-3d1c5cf34abdcc1e,indeed,https://www.indeed.com/viewjob?jk=3d1c5cf34abdcc1e,http://www.indeed.com/job/ai-developer-intern-intelligent-systems-software-3d1c5cf34abdcc1e,AI Developer Intern – Intelligent Systems Software,Cordelia Capital,"Remote, US",2025-05-24,"parttime, fulltime, internship",direct_data,yearly,33305.0,43807.0,USD,True,,,,,"**Overview**  
We are seeking a talented and motivated Software Engineer to join our dynamic team. In this role, you will be responsible for designing, developing, and implementing software solutions that enhance our products and services. The ideal candidate will have a strong background in software development, with experience in machine learning frameworks and database design. You will work collaboratively with cross\-functional teams to deliver innovative solutions that meet the needs of our clients.

**Responsibilities**

* Design, develop, and maintain scalable software applications using Java and R.
* Implement machine learning algorithms and frameworks, including TensorFlow and Spark, to analyze data and improve product functionality.
* Engage in database design and management to ensure efficient data storage and retrieval.
* Conduct data mining activities to extract valuable insights from large datasets.
* Collaborate with team members on projects involving natural language processing and linked data technologies.
* Participate in code reviews, testing, and debugging to ensure high\-quality software delivery.
* Stay updated on industry trends and emerging technologies to continuously improve software development practices.

**Qualifications**

* Bachelor’s degree in Computer Science, Software Engineering, or a related field.
* Proficiency in programming languages such as Java and R.
* Experience with machine learning frameworks like TensorFlow and Spark is highly desirable.
* Strong understanding of database design principles and data mining techniques.
* Familiarity with natural language processing concepts is a plus.
* Ability to work effectively in a collaborative team environment.
* Excellent problem\-solving skills and attention to detail.

Join us as we innovate the future of technology through cutting\-edge software solutions!

Job Types: Full\-time, Part\-time, Internship

Pay: From $1,000\.00 per month

Benefits:

* Flexible schedule
* Health insurance
* Paid time off

Work Location: Remote",,https://www.indeed.com/cmp/Cordelia-Capital,,,,,,,,,,,,
in-653fc0dd386ca59f,indeed,https://www.indeed.com/viewjob?jk=653fc0dd386ca59f,https://careers-spa.icims.com/jobs/19986/job?utm_source=indeed_integration&iis=Job%20Board&iisn=Indeed&indeed-apply-token=73a2d2b2a8d6d5c0a62696875eaebd669103652d3f0c2cd5445d3e66b1592b0f,Junior Data Scientist,"Systems Planning and Analysis, Inc. (SPA)","Lorton, VA, US",2025-05-23,parttime,direct_data,yearly,83506.0,113484.0,USD,True,,,,,"Overview:

Systems Planning and Analysis, Inc. (SPA) delivers high\-impact, technical solutions to complex national security issues. With over 50 years of business expertise and consistent growth, we are known for continuous innovation for our government customers, in both the US and abroad. Our exceptionally talented team is highly collaborative in spirit and practice, producing *Results that Matter*. Come work with the best! We offer opportunity, unique challenges, and clear\-sighted commitment to the mission. SPA: Objective. Responsive. Trusted.  

The Joint, Office of the Secretary of Defense, Interagency Division (JOID) provides expert support services to a range of customers spanning across the Department of Defense, Federal Civilian, and international markets. JOID provides a diverse portfolio of analytical and programmatic capabilities to help our customers make informed decisions on their most challenging issues.

  

JOID assists the Defense Threat Reduction Agency (DTRA) in developing leading edge technologies to counter WMD in support of Combatant Commands and transitioning these technologies to military services. SPA provides expertise across the full range of chemical, biological, radiological, nuclear, and high\-yield explosives (CBRNE) WMD, Counter Improvised Threat and Countering Threat Network technologies to support understanding, detection, identification, characterization, denial, control, disabling, defeating, disposing, safeguarding the force, managing consequences, and test and evaluation in support of military and civilian operations.

  

We have a near\-term need for a Limited Part\-Time Junior Data Scientist to provide onsite support out of SPA's Lorton, VA Facility (near Fort Belvoir).
Responsibilities:

We are seeking a smart, energetic, and dedicated individual to support the Nuclear Technology Detection (NTD) Division on a limited part\-time basis in Lorton, VA. The NTD Division has portfolios that include detection, radiacs, handheld and remote sensors, communication gear, some virtual reality, operational testing of new technologies, and acquisition of small business contracts supporting the above work. The candidate will use large data sets to find opportunities for product and process optimization and use models to test the effectiveness of different courses of action. Will assist the NTD Division in providing data science services capable of supporting scalable, highly available application solutions that leverage cloud native services; supporting the transformation of monolithic, legacy applications to a more modular, micro\-services architecture; providing data architecture design, development and test knowledge and expertise with respect to cloud architecture, design patterns, and data analysis requirements; and defining data architectures that support both the enterprise and application\-level capabilities with systems and network security, scalability, fault tolerance, and optimal performance. Support analysis and development of customer\-driven technical data architectures and solutions; provide technical guidance to software development teams designing, developing, and integrating a data\-intensive application framework using modern data\-centric enabling technologies, cloud computing, and virtualization architecture; develop custom data models and algorithms to apply to data sets and improve data visualization; develop processes and tools to monitor and analyze model performance and data accuracy; analyze and recommend approaches for making heterogeneous data sources broadly available for discoverability and access to support a wide consumer\-base, analytic needs, and use by diverse applications, services, and systems; and optimize the management of data across nodes and the performance of distribution, search, and retrieval.
Qualifications:
**Required:**

* Bachelor's degree in data science, computer science, or related technical discipline and 2 years of related work experience (or a master’s degree \+ 1 year of experience).
* Articulate and willing to learn program/organizational processes and procedures.
* Experience in developing ontologies to improve comprehension of domain structures.
* Experience in designing prototype web applications using HTML, CSS, and JavaScript to visualize ontologies to enhancing user understanding of complex domains and relationships.
* Demonstrate creative thinking and strong problem\-solving skills.
* Possesses strong leadership, communications, and organizational skills.
* Able to delve into technical details and translate those into findings and technical recommendations.
* Active Secret DoD clearance with the ability to receive and maintain a TS/SCI.
* Able to work fully onsite based on client needs.

**Desired:**

* Active TS/SCI clearance.
* Experience in DevSecOps delivery of software capabilities and demonstrated understanding of DoD software development and delivery strategy, guidance, and best practices.
* Experience using web services: Redshift, S3, Spark, DigitalOcean, etc.
* Experience with distributed data/computing tools: Map/Reduce, Hadoop, Hive, Spark, Gurobi, MySQL, etc.
* Experience with data compliance and data security best practices.
* Familiarity developing applications that use containers, micro\-service system design, and cloud services.
* Experience visualizing/presenting data for stakeholders using Periscope, Business Objects, D3, ggplot, Tableau, etc.
* Experience transitioning legacy systems to cloud environment optimized applications.
* Demonstrated understanding of Systems Engineering and Acquisition processes.
* Experience with DoD Command \& Control (C2\) networks (JADC2, IEW, etc.).
* Knowledge of the DoD Architecture Framework (DoDAF).
* Working knowledge of or experience with DTRA RD’s mission and organization.",Aerospace And Defense,"https://www.indeed.com/cmp/Systems-Planning-and-Analysis,-Inc.-(spa)",https://d2q79iu7y748jz.cloudfront.net/s/_squarelogo/256x256/dcf51558b2ac901be663279d5a47cecf,https://www.spa.com/,"Alexandria, VA","1,001 to 5,000",$100M to $500M (USD),,,,,,,
in-932916c801ed791b,indeed,https://www.indeed.com/viewjob?jk=932916c801ed791b,https://careers.caci.com/global/en/job/CACIGLOBAL312527EXTERNALENGLOBAL/Industrial-Base-Data-Analyst?utm_source=indeed&utm_medium=phenom-feeds,Industrial Base Data Analyst,CACI International,"Washington, DC, US",2025-05-23,parttime,direct_data,yearly,66100.0,135600.0,USD,False,,,,,"Industrial Base Data Analyst
Job Category: Information Technology
Time Type: Part time
Minimum Clearance Required to Start: Secret
Employee Type: Part\-Time On\-Call
Percentage of Travel Required: Up to 10%
Type of Travel: Continental US
\* \* \***The Opportunity:**


The Data Analyst will support the Director of the Aircraft Carrier Industrial Base in developing data\-driven solutions to understand and enhance the health and resilience of the industrial base. This involves collecting, cleaning, analyzing, and visualizing large datasets related to manufacturing, supply chains, and economic indicators. The Data Analyst possesses a strong analytical mindset, advanced statistical modeling skills, and a passion for uncovering actionable insights from complex data.

**Responsibilities:**

* Collect, clean, and preprocess large datasets from various sources related to the industrial base, including government databases, industry reports, and open\-source intelligence.
* Develop and implement statistical models and machine learning algorithms to identify trends, patterns, and anomalies within the industrial base data.
* Conduct exploratory data analysis (EDA) to uncover insights and hypotheses regarding industrial base health, vulnerabilities, and opportunities.
* Build interactive dashboards and visualizations to communicate complex data insights to both technical and non\-technical audiences.
* Collaborate with subject matter experts and stakeholders to define data requirements and translate business needs into analytical solutions.
* Develop and maintain data pipelines and ETL processes to ensure data quality and accessibility.
* Stay current with the latest advancements in data science and machine learning techniques and apply them to improve analytical capabilities.
* Contribute to the development of innovative data\-driven solutions to address critical industrial base challenges.
* Document and present findings, methodologies, and recommendations to stakeholders.

**Qualifications:**

*Required:*

* Proven experience (5\+ years preferred) working with large datasets and applying statistical modeling and machine learning techniques in a professional setting.
* Strong proficiency in programming languages such as Python or R, and experience with relevant data science libraries (e.g., pandas, scikit\-learn, TensorFlow/PyTorch).
* Experience with data visualization tools such as Tableau, Power BI, or similar.
* Familiarity with database technologies (SQL, NoSQL) and data warehousing concepts.
* Security Clearance: \[Secret; Ability to obtain/maintain a Secret clearance]

*Desired:*

* Knowledge of industrial base concepts, including manufacturing processes, supply chains, and economic indicators, is a plus.
* Excellent communication, presentation, and interpersonal skills.
* Ability to work both independently and collaboratively within a team environment.
* Strong analytical and problem\-solving skills.

* 

**\_\_\_\_\_\_\_\_\_\_\_\_\_\_\_\_\_\_\_\_\_\_\_\_\_\_\_\_\_\_\_\_\_\_\_\_\_\_\_\_\_\_\_\_\_\_\_\_\_\_\_\_\_\_\_\_\_\_\_\_\_\_\_\_\_\_\_\_\_\_\_\_\_\_\_\_\_\_\_\_\_\_\_\_\_\_\_\_**

**What You Can Expect:**

 **A culture of integrity.**


At CACI, we place character and innovation at the center of everything we do. As a valued team member, you’ll be part of a high\-performing group dedicated to our customer’s missions and driven by a higher purpose – to ensure the safety of our nation.

 **An environment of trust.**


CACI values the unique contributions that every employee brings to our company and our customers \- every day. You’ll have the autonomy to take the time you need through a unique flexible time off benefit and have access to robust learning resources to make your ambitions a reality.

**A focus on continuous growth.**


Together, we will advance our nation's most critical missions, build on our lengthy track record of business success, and find opportunities to break new ground — in your career and in our legacy.

 **Your potential is limitless.** So is ours.


Learn more about CACI here.

**\_\_\_\_\_\_\_\_\_\_\_\_\_\_\_\_\_\_\_\_\_\_\_\_\_\_\_\_\_\_\_\_\_\_\_\_\_\_\_\_\_\_\_\_\_\_\_\_\_\_\_\_\_\_\_\_\_\_\_\_\_\_\_\_\_\_\_\_\_\_\_\_\_\_\_\_\_\_\_\_\_\_\_\_\_\_\_\_**

**Pay Range**: There are a host of factors that can influence final salary including, but not limited to, geographic location, Federal Government contract labor categories and contract wage rates, relevant prior work experience, specific skills and competencies, education, and certifications. Our employees value the flexibility at CACI that allows them to balance quality work and their personal lives. We offer competitive compensation, benefits and learning and development opportunities. Our broad and competitive mix of benefits options is designed to support and protect employees and their families. At CACI, you will receive comprehensive benefits such as; healthcare, wellness, financial, retirement, family support, continuing education, and time off benefits. Learn more here.


The proposed salary range for this position is:


$66,100 \- $135,600*CACI is* *an Equal Opportunity Employer.* *All qualified applicants will receive consideration for employment without regard to race, color, religion, sex, pregnancy, sexual orientation, age, national origin, disability, status as a protected veteran, or any* *other protected characteristic.*",,https://www.indeed.com/cmp/CACI-International-1,https://d2q79iu7y748jz.cloudfront.net/s/_squarelogo/256x256/d9321133e83b8342d12bdac24fb2535b,http://www.caci.com,"Reston, VA","10,000+",$5B to $10B (USD),CACI is ever vigilant in helping our customers meet their greatest challenges in national security and government transformation. ,,,,,,
li-4234374243,linkedin,https://www.linkedin.com/jobs/view/4234374243,,Data Scientist,STG Logistics - Tropicana/Naked Juice Div.,"California, United States",2025-05-24,,,,,,,False,,,,,,,https://www.linkedin.com/company/dura-freight-lines---tropicana-naked-juice-div.,,,,,,,,,,,,
li-4234374284,linkedin,https://www.linkedin.com/jobs/view/4234374284,,Data Scientist,STG Logistics - Tropicana/Naked Juice Div.,"Hawaii, United States",2025-05-24,,,,,,,False,,,,,,,https://www.linkedin.com/company/dura-freight-lines---tropicana-naked-juice-div.,,,,,,,,,,,,
li-4225793576,linkedin,https://www.linkedin.com/jobs/view/4225793576,,"Data Scientist, Supply Chain",Ever.Ag,,2025-05-08,,,,,,,False,,,,,,,https://www.linkedin.com/company/everag,,,,,,,,,,,,
li-4195711855,linkedin,https://www.linkedin.com/jobs/view/4195711855,,Data Scientist,ERG,"Arlington, VA",2025-03-31,,,,,,,False,,,,,,,https://www.linkedin.com/company/eastern-research-group-erg-,,,,,,,,,,,,
li-4195717005,linkedin,https://www.linkedin.com/jobs/view/4195717005,,Data Scientist,ERG,"Alexandria, VA",2025-03-31,,,,,,,False,,,,,,,https://www.linkedin.com/company/eastern-research-group-erg-,,,,,,,,,,,,
li-4214828323,linkedin,https://www.linkedin.com/jobs/view/4214828323,,"Data Scientist, International Analytics",DoorDash,"Toronto, Ontario, Canada",2025-05-15,,,,,,,False,,,,,,,https://www.linkedin.com/company/doordash,,,,,,,,,,,,
li-4153442187,linkedin,https://www.linkedin.com/jobs/view/4153442187,,Data Scientist,Deloitte,"Toronto, Ontario, Canada",2025-05-13,,,,,,,False,,,,,,,https://www.linkedin.com/company/deloitte,,,,,,,,,,,,
li-4211799317,linkedin,https://www.linkedin.com/jobs/view/4211799317,,Machine Learning (ML) Engineer,Deloitte,"Toronto, Ontario, Canada",2025-05-08,,,,,,,False,,,,,,,https://www.linkedin.com/company/deloitte,,,,,,,,,,,,
li-4032371577,linkedin,https://www.linkedin.com/jobs/view/4032371577,,Data Scientist,Stripe,"Toronto, Ontario, Canada",2025-05-07,,,,,,,False,,,,,,,https://www.linkedin.com/company/stripe,,,,,,,,,,,,
li-4219131930,linkedin,https://www.linkedin.com/jobs/view/4219131930,,Data Scientist,Indigo,"Toronto, Ontario, Canada",2025-04-29,,,,,,,False,,,,,,,https://ca.linkedin.com/company/indigo,,,,,,,,,,,,
li-4232823387,linkedin,https://www.linkedin.com/jobs/view/4232823387,,Freelance Software Developer (Python) - AI Tutor,Mindrift,"Toronto, Ontario, Canada",2025-05-21,,,,,,,False,,,,,,,https://www.linkedin.com/company/mindrift-ai,,,,,,,,,,,,
li-4237721743,linkedin,https://www.linkedin.com/jobs/view/4237721743,,Freelance Software Developer (Python) - AI Tutor,Mindrift,"Vancouver, British Columbia, Canada",2025-05-21,,,,,,,False,,,,,,,https://www.linkedin.com/company/mindrift-ai,,,,,,,,,,,,
li-4080175794,linkedin,https://www.linkedin.com/jobs/view/4080175794,,Part-Time Data Science Teaching Assistant,WeCloudData,"Toronto, Ontario, Canada",2024-11-22,,,,,,,False,,,,,,,https://ca.linkedin.com/school/weclouddata/,,,,,,,,,,,,
li-4237563690,linkedin,https://www.linkedin.com/jobs/view/4237563690,,Freelance AI Agent Assistant,Mindrift,,,,,,,,,False,,,,,,,https://www.linkedin.com/company/mindrift-ai,,,,,,,,,,,,
li-4237562727,linkedin,https://www.linkedin.com/jobs/view/4237562727,,Freelance AI Agent Assistant,Mindrift,"Toronto, Ontario, Canada",,,,,,,,False,,,,,,,https://www.linkedin.com/company/mindrift-ai,,,,,,,,,,,,
in-1a4cc78ad98562ae,indeed,https://www.indeed.com/viewjob?jk=1a4cc78ad98562ae,http://www.indeed.com/job/management-analyst-1a4cc78ad98562ae,Management Analyst,,"Chandler, AZ, US",2025-05-26,fulltime,direct_data,yearly,77376.0,77377.0,USD,False,,,,,"Perform forecasting and develop an inventory model of spare parts, ensuring stock availability. Knowledge of ERP systems, Excel, Google Sheets, and SCM in the auto industry MBA required. Mail to Job Loc:

Zeekr Intelligent Technology US, LLC 2775 N. Arizona Ave\#5, Chandler AZ 85225

Job Type: Full\-time

Pay: $77,376\.00 \- $77,377\.00 per year

Benefits:

* Health insurance

Security clearance:

* Confidential (Preferred)

Ability to Commute:

* Chandler, AZ 85225 (Required)

Ability to Relocate:

* Chandler, AZ 85225: Relocate before starting work (Required)

Work Location: In person",,https://www.indeed.comNone,,,,,,,,,,,,
in-972e01c9619b2571,indeed,https://www.indeed.com/viewjob?jk=972e01c9619b2571,http://www.indeed.com/job/oracle-fusion-erp-business-analyst-972e01c9619b2571,Oracle Fusion ERP Business Analyst,Miracle Consulting Inc.,"Ann Arbor, MI, US",2025-05-26,"fulltime, contract",direct_data,hourly,66.0,69.0,USD,False,,,,,"**Company Overview**

Miracle Consulting Inc. is a national leader in IT staffing and consulting, dedicated to connecting businesses with highly qualified professionals. We specialize in providing tailored staffing solutions, including part\-time, contract, and full\-time placements across various IT roles.

**Summary**

We are seeking an ERP Analyst to join our dynamic team at Miracle Consulting Inc. This role is essential for analyzing and optimizing our clients' ERP systems to enhance operational efficiency and support business objectives. The position offers an opportunity to work with a diverse range of clients and contribute to impactful projects.

**Responsibilities**

* Analyze client requirements and translate them into effective ERP solutions.
* Collaborate with stakeholders to identify areas for improvement within existing ERP systems.
* Develop and implement strategies for system optimization and data management.
* Conduct data analysis to support decision\-making processes.
* Assist in project management tasks related to ERP implementations and upgrades.
* Provide training and support to end\-users on ERP functionalities.

**Requirements**

* Proven experience as an ERP Analyst or similar role in IT consulting or staffing.
* Strong skills in database design and data analysis techniques.
* Familiarity with Power BI or similar data visualization tools is a plus.
* Project management experience is beneficial but not required.
* Proficiency in VBA or other programming languages is an advantage.

If you are ready to take your career to the next level and make a significant impact in the IT industry, we invite you to apply today at Miracle Consulting Inc.! Join us in shaping the future of technology.

Job Types: Full\-time, Contract

Pay: $66\.06 \- $69\.24 per hour

Benefits:

* Professional development assistance

Schedule:

* 8 hour shift

Work Location: In person",,https://www.indeed.com/cmp/Miracle-Consulting-Inc.-1,,,,,,,,,,,,
in-6ed29c2b98233d79,indeed,https://www.indeed.com/viewjob?jk=6ed29c2b98233d79,http://www.indeed.com/job/business-analyst-6ed29c2b98233d79,Business Analyst,Harris County Toll Road Authority,"Houston, TX, US",2025-05-26,fulltime,direct_data,yearly,84298.0,97594.0,USD,False,,,,,"Job Summary:

We are looking for a data\-driven and detail\-oriented Business Analyst to support our finance team in making smarter, Finance\-backed decisions.

This role will play a key part in financial reporting, Cost forecasting, and operational efficiency analysis.

You will collaborate with cross\-functional to streamline reporting processes through data automation and visualization.

Key Responsibilities:

1\. Analyze financial data to support forecasting, budgeting, and strategic planning efforts.Design and maintain dashboards, KPIs, and financial models to track performance and identify trends.

2\. Work closely with accounting, and Business Units to understand financial data and deliver actionable insights.

3\. Automate and improve financial reporting processes using Excel, SQL, and BI tools (Power BI, Tableau, etc.).

4\. Analyze contract terms, ensuring compliance with financial regulations and project requirements.

5\. Perform variance and trend analysis to explain changes in revenue, expenses, and other key financial metrics.

6\. Conduct financial and operational analysis for senior leadership and stakeholders.

Qualifications:

* Bachelor’s degree of Science, Accounting, Technology or a related field.
* 3\+ years of experience in a finance analyst role, project budgeting, or cost management.
* Strong financial background with a solid understanding of accounting principles and financial statements.
* Proficiency in SQL, Excel, and experience with BI tools such as Power BI, hands\-on experience with Quickbase or equivalent project budgeting software.
* Ability to extract insights from large datasets and present them clearly to both finance and non\-finance audiences.
* Excellent analytical, organizational, and communication skills.

Preferred Qualifications:

* Experience with Power BI or equivalent systems (e.g., Oracle, SharePoint, Smartsheet).Familiarity with Cost and Budget planning tools.
* Knowledge of regulatory reporting and compliance in finance.

Job Type: Full\-time

Pay: $84,298\.00 \- $97,594\.00 per year

Compensation Package:

* Yearly pay

Schedule:

* 8 hour shift
* Weekends as needed

Education:

* Bachelor's (Preferred)

Location:

* Houston, TX 77040 (Preferred)

Ability to Commute:

* Houston, TX 77040 (Required)

Ability to Relocate:

* Houston, TX 77040: Relocate before starting work (Preferred)

Work Location: In person",Government,https://www.indeed.com/cmp/Harris-County-Toll-Road-Authority,https://d2q79iu7y748jz.cloudfront.net/s/_squarelogo/256x256/0232ad15e1c6408cc422a89ece03328b,http://www.hctra.org,Houston,201 to 500,,,,,,,,
in-88d49339f61f2888,indeed,https://www.indeed.com/viewjob?jk=88d49339f61f2888,https://vetsource.wd1.myworkdayjobs.com/en-US/vetsource_careers/job/Remote-US/Data-Analyst_R-100783,Data Analyst,Vetsource,"Remote, US",2025-05-26,fulltime,direct_data,yearly,81606.0,95000.0,USD,True,,,,careers@vetsource.com,"Pets deserve the best care. At Vetsource, we build the foundation for success, enabling those in the pet healthcare profession and industry to thrive. Our data\-powered platform simplifies processes and streamlines systems, helping those we serve create tighter bonds with their customers. From prescription management and pet owner engagement to veterinary business performance data and insights, Vetsource provides comprehensive solutions that give our customers more time and flexibility, and help them foster strong relationships and positive experiences. In a rapidly evolving world, we’re constantly seeking new ways to help our customers chart a course for a better, brighter future for pets and those who care for them.
If you love pets, want to have an impact and join a fantastic organization, Vetsource could be the place for you.*At Vetsource, we know that we do our best work when we have an inclusive and diverse team, where we can draw on our different life experiences to help us deliver innovative solutions for our customers. We are an equal opportunity employer that values diversity, equity, and an inclusive workplace. Research shows that while men apply to jobs when they meet an average of 60% of the criteria, women and other marginalized people tend to only when they check every box. So if you think you might be a good fit for the role, but don't necessarily meet every single requirement on the job posting, we still encourage you to apply.*
WHO WE ARE LOOKING FOR
Data Analyst
The Data Analyst will dive into our practice data and build models to make sense of how veterinary practices behave and how to best help them to be successful. Additionally, you will work to normalize messy data sets, evaluate multiple promising leads quickly, and put yourself in our client’s shoes. There will be opportunities to branch out into other projects such as data engineering, marketing, or product design, based on talent and inclination.*This is a full\-time, remote position. Pacific and Mountain Time Zone candidates must be flexible to take occasional early morning meetings with European partners.*
WHAT YOU’LL DO* Understand our internal and external client’s business and technical needs, and guide them to data they need
* Able to gather requirements from non\-technical stakeholders for their team's core function and explain the analysis performed to audiences of all technical abilities
* Optimize SQL queries for performance and resilience in a large database
* Design and build custom data models suited to the task at hand
* Visualize findings with Looker for stakeholder consumption
* Suggest and implement technical and non\-technical process improvements on an ongoing basis

  

WHAT YOU BRING* 3\+ years of working experience as analyst, statistician or similar (includes internships or co\-op)
* 3\+ years of experience with any variety of SQL, preferably at the role above
* Knowledge of languages or packages for analyzing datasets (Python, R or similar)
* Experience with Looker, Tableau, PowerBI or similar
* Exceptional communications skills – verbal and written


Preferred Experience and Qualifications:* Background in sales, marketing, business, veterinary medicine or finance is a plus
* BS in Mathematics, Economics, Engineering, Computer Science, Information Management or Statistics preferred


WORKING CONDITIONS* Reliable internet access is required
* Sitting/standing at a desk working on a computer for long periods of time

*\#LI\-Remote \#LI\-IL1*
WHAT CAN YOU EXPECT FROM VETSOURCE
In addition to an inclusive and welcoming culture, Vetsource also offers:* Competitive pay and benefits including medical, vision\*, dental, and life insurance
* Employee Assistance Program
* Pet insurance\* and Virtual vet care
* PTO, Holidays, Floating Holidays, and Volunteer Day
* Retirement Savings Plan (401k/ RRSP) with employer matching program
* Paid parental leave
* Flexible scheduling and remote work where possible
* The opportunity to join one of our Associate Resource Groups, and fun company events!
* *For Canadian based associates these specific benefits are not included*


OUR VALUES
In addition to the benefits listed above, all associates are expected to support and model Vetsource’s Core Values: Do the right thing every time; Treat others the way they want to be treated; Embrace change; Be innovative; Get it done; Enjoy the work! A culture where everyone can thrive!
Pay range (US based applicants): $81,606 \- $95,000 (annualized)
Pay range (Canada based applicants): $79,292 \- $85,000 (annualized)*Actual compensation packages are based on a wide array of factors unique to each candidate, including but not limited to job\-related skills, experience, certifications, relevant education and training, while also considering internal equity.**The statements in this document are intended to describe the general nature and level of work being performed for this role, and are not to be construed as an exhaustive list of responsibilities, duties, and skills required. Our pre\-employment process in the US includes a background check as a part of the hiring process, and will include a drug screen for pharmacy related roles. In the United States, if you need a reasonable accommodation for the online application process due to a disability, please email* *careers@vetsource.com**, or if you have general questions relating to this process. No agencies please. We are an equal opportunity employer.**Vetsource is an E\-verify employer.**www.vetsource.com*",,https://www.indeed.com/cmp/Vetsource,https://d2q79iu7y748jz.cloudfront.net/s/_squarelogo/256x256/381ed105e955fca07850bab648f6916b,https://vetsource.com/,"Portland, OR","501 to 1,000",$500M to $1B (USD),"Vetsource® provides innovative pharmacy, technology and business services to the pet health industry and strives to be the most trusted advocate in a rapidly evolving world.",,,,,,
in-fea59a804834be68,indeed,https://www.indeed.com/viewjob?jk=fea59a804834be68,https://www.comeet.com/jobs/rounds/59.005/data-analyst/F3.75B-C8.40A?coref=1.11.pB6_5614,Data Analyst,Rounds,"AL, US",2025-05-26,fulltime,direct_data,yearly,56430.0,76882.0,USD,True,,,,"hr@rounds.com, hr@rounds.com","**Data Analyst**

**\[Full\-time, Remote, Freelancer]**

 **SNEAK PEEK**

* **Location:** 100% remote, GMT\+0/\+4

**Interview process:** HR interview technical discussion take\-home challenge final interview

* **Contact:** For questions please reach out to: hr@rounds.com

 **WHO ARE WE?**


At Rounds, we believe in harnessing the power of cutting\-edge technology to drive business success. Our transformative, machine\-learning technology identifies and optimizes mobile assets, while our team of experts, with their unparalleled human capital and business acumen, provides the strategic direction and support to turn mobile assets into profitable businesses. Together, we are revolutionizing the mobile industry. You can find out more info about us and our values here: www.rounds.com.

 **THE ROLE**


We are looking for a driven Data Analyst to join our team. In this role, you will have the ability to look at the company's data from a bird's eye point of view, while at the same time getting your hands on with data and drilling down analysis. Your main responsibility will be to provide a visual analysis of the ongoing key performance indicators and to deliver meaningful insights out of it.

  

Requirements:  

  

**WHAT ARE WE LOOKING FOR?**

* 3\+ years of experience in a similar role
* Excellent hands\-on SQL skills
* Expertise in a data visualization tool (Tableau, Data Studio)
* Excellent analytical and problem\-solving skills, combined with a broad and comprehensive business vision
* Fluent/advanced communication skills in both written and verbal English
* Nice to have\- experience with DBT and OpenMetadata

 **HOW DO WE WORK?**


We are a distributed team of more than 90 people, all working remotely and communicating partially synchronously (we usually overlap with our team for 4 hours daily and are free to work on some of the tasks whenever it suits us best). We value open communication, proactivity and work/life balance and we measure our freelancers on performance, rather than on the time spent on the job.

 **WHAT’S IN IT FOR YOU?**

* 100% remote work
* Flexible full\-time working hours
* A competitive pay
* The opportunity to grow together with the company \& take ownership from day 1

 **INTERESTED?**


Our recruitment process consists of the following steps:

* HR interview: 45 min.
* Technical discussion: 60 min.
* Take\-home challenge: around 2 \- 2\.5 hours of work
* Final interview with the hiring manager and VP R\&D: 30 min.


Get in touch at hr@rounds.com. We’d love to hear from you!",,https://www.indeed.com/cmp/Rounds,,http://www.rounds.com,Tel Aviv-Yafo,,,,,,,,,
li-4220713516,linkedin,https://www.linkedin.com/jobs/view/4220713516,,"Analyst, Insights & Analysis",Warner Music Group,"New York, NY",2025-05-23,,,,,,,False,,,,,,,https://www.linkedin.com/company/warner-music-group,,,,,,,,,,,,
li-4235365221,linkedin,https://www.linkedin.com/jobs/view/4235365221,,Data Analyst,The Walt Disney Company,"New York, NY",2025-05-22,,,,,,,False,,,,,,,https://www.linkedin.com/company/the-walt-disney-company,,,,,,,,,,,,
li-4232140858,linkedin,https://www.linkedin.com/jobs/view/4232140858,,Data Analyst,The Walt Disney Company,"New York, NY",2025-05-17,,,,,,,False,,,,,,,https://www.linkedin.com/company/the-walt-disney-company,,,,,,,,,,,,
li-4223678879,linkedin,https://www.linkedin.com/jobs/view/4223678879,,Data Analyst,Universal Music Group,"Beverly Hills, CA",2025-05-08,,,,,,,False,,,,,,,https://www.linkedin.com/company/universalmusicgroup,,,,,,,,,,,,
li-4223033016,linkedin,https://www.linkedin.com/jobs/view/4223033016,,Data Analyst,Infosys,"Austin, TX",2025-05-07,,,,,,,False,,,,,,,https://in.linkedin.com/company/infosys,,,,,,,,,,,,
in-45edc5349ab39be1,indeed,https://www.indeed.com/viewjob?jk=45edc5349ab39be1,http://www.indeed.com/job/data-insights-specialist-45edc5349ab39be1,Data Insights Specialist,Utara Brewing Company,"Sandpoint, ID, US",2025-05-25,parttime,,hourly,,,USD,False,,,,,"**Job Overview**  
We are seeking a detail\-oriented and analytical Data Analyst to join our dynamic team. The ideal candidate will be responsible for transforming data into actionable insights that drive business decisions. You will work closely with various departments to understand their data needs and provide analytical support, ensuring that our data\-driven strategies align with organizational goals.

**Duties**

* Monthly and quarterly P\&L
* Real time P\&L
* Break even analysis
* Product costing in a world where prices change daily

We'd like to create a scenario where items are added to the to\-do list every Monday with a deadline of one week to complete them.

This is a contract position, but we could consider bringing you onto payroll if you are willing to participate in other aspects of the business such as customer service and food processing.

Job Type: Part\-time

Pay: $20\.00 per hour

Expected hours: 3 – 10 per week

Compensation Package:

* 1099 contract
* Bonus opportunities

Work Location: In person",,https://www.indeed.com/cmp/Utara-Brewing-Company,,,,,,,,,,,,
in-932916c801ed791b,indeed,https://www.indeed.com/viewjob?jk=932916c801ed791b,https://careers.caci.com/global/en/job/CACIGLOBAL312527EXTERNALENGLOBAL/Industrial-Base-Data-Analyst?utm_source=indeed&utm_medium=phenom-feeds,Industrial Base Data Analyst,CACI International,"Washington, DC, US",2025-05-23,parttime,direct_data,yearly,66100.0,135600.0,USD,False,,,,,"Industrial Base Data Analyst
Job Category: Information Technology
Time Type: Part time
Minimum Clearance Required to Start: Secret
Employee Type: Part\-Time On\-Call
Percentage of Travel Required: Up to 10%
Type of Travel: Continental US
\* \* \***The Opportunity:**


The Data Analyst will support the Director of the Aircraft Carrier Industrial Base in developing data\-driven solutions to understand and enhance the health and resilience of the industrial base. This involves collecting, cleaning, analyzing, and visualizing large datasets related to manufacturing, supply chains, and economic indicators. The Data Analyst possesses a strong analytical mindset, advanced statistical modeling skills, and a passion for uncovering actionable insights from complex data.

**Responsibilities:**

* Collect, clean, and preprocess large datasets from various sources related to the industrial base, including government databases, industry reports, and open\-source intelligence.
* Develop and implement statistical models and machine learning algorithms to identify trends, patterns, and anomalies within the industrial base data.
* Conduct exploratory data analysis (EDA) to uncover insights and hypotheses regarding industrial base health, vulnerabilities, and opportunities.
* Build interactive dashboards and visualizations to communicate complex data insights to both technical and non\-technical audiences.
* Collaborate with subject matter experts and stakeholders to define data requirements and translate business needs into analytical solutions.
* Develop and maintain data pipelines and ETL processes to ensure data quality and accessibility.
* Stay current with the latest advancements in data science and machine learning techniques and apply them to improve analytical capabilities.
* Contribute to the development of innovative data\-driven solutions to address critical industrial base challenges.
* Document and present findings, methodologies, and recommendations to stakeholders.

**Qualifications:**

*Required:*

* Proven experience (5\+ years preferred) working with large datasets and applying statistical modeling and machine learning techniques in a professional setting.
* Strong proficiency in programming languages such as Python or R, and experience with relevant data science libraries (e.g., pandas, scikit\-learn, TensorFlow/PyTorch).
* Experience with data visualization tools such as Tableau, Power BI, or similar.
* Familiarity with database technologies (SQL, NoSQL) and data warehousing concepts.
* Security Clearance: \[Secret; Ability to obtain/maintain a Secret clearance]

*Desired:*

* Knowledge of industrial base concepts, including manufacturing processes, supply chains, and economic indicators, is a plus.
* Excellent communication, presentation, and interpersonal skills.
* Ability to work both independently and collaboratively within a team environment.
* Strong analytical and problem\-solving skills.

* 

**\_\_\_\_\_\_\_\_\_\_\_\_\_\_\_\_\_\_\_\_\_\_\_\_\_\_\_\_\_\_\_\_\_\_\_\_\_\_\_\_\_\_\_\_\_\_\_\_\_\_\_\_\_\_\_\_\_\_\_\_\_\_\_\_\_\_\_\_\_\_\_\_\_\_\_\_\_\_\_\_\_\_\_\_\_\_\_\_**

**What You Can Expect:**

 **A culture of integrity.**


At CACI, we place character and innovation at the center of everything we do. As a valued team member, you’ll be part of a high\-performing group dedicated to our customer’s missions and driven by a higher purpose – to ensure the safety of our nation.

 **An environment of trust.**


CACI values the unique contributions that every employee brings to our company and our customers \- every day. You’ll have the autonomy to take the time you need through a unique flexible time off benefit and have access to robust learning resources to make your ambitions a reality.

**A focus on continuous growth.**


Together, we will advance our nation's most critical missions, build on our lengthy track record of business success, and find opportunities to break new ground — in your career and in our legacy.

 **Your potential is limitless.** So is ours.


Learn more about CACI here.

**\_\_\_\_\_\_\_\_\_\_\_\_\_\_\_\_\_\_\_\_\_\_\_\_\_\_\_\_\_\_\_\_\_\_\_\_\_\_\_\_\_\_\_\_\_\_\_\_\_\_\_\_\_\_\_\_\_\_\_\_\_\_\_\_\_\_\_\_\_\_\_\_\_\_\_\_\_\_\_\_\_\_\_\_\_\_\_\_**

**Pay Range**: There are a host of factors that can influence final salary including, but not limited to, geographic location, Federal Government contract labor categories and contract wage rates, relevant prior work experience, specific skills and competencies, education, and certifications. Our employees value the flexibility at CACI that allows them to balance quality work and their personal lives. We offer competitive compensation, benefits and learning and development opportunities. Our broad and competitive mix of benefits options is designed to support and protect employees and their families. At CACI, you will receive comprehensive benefits such as; healthcare, wellness, financial, retirement, family support, continuing education, and time off benefits. Learn more here.


The proposed salary range for this position is:


$66,100 \- $135,600*CACI is* *an Equal Opportunity Employer.* *All qualified applicants will receive consideration for employment without regard to race, color, religion, sex, pregnancy, sexual orientation, age, national origin, disability, status as a protected veteran, or any* *other protected characteristic.*",,https://www.indeed.com/cmp/CACI-International-1,https://d2q79iu7y748jz.cloudfront.net/s/_squarelogo/256x256/d9321133e83b8342d12bdac24fb2535b,http://www.caci.com,"Reston, VA","10,000+",$5B to $10B (USD),CACI is ever vigilant in helping our customers meet their greatest challenges in national security and government transformation. ,,,,,,
in-6fc5cd5f72f318a8,indeed,https://www.indeed.com/viewjob?jk=6fc5cd5f72f318a8,https://careers.bbc.co.uk/job/New-York-Business-Intelligence-Associate-%28Temporary%29-10036/821345502/,Business Intelligence Associate (Temporary),BBC,"New York, NY, US",2025-05-23,parttime,,hourly,,,USD,False,,,,,"Data \& Analytics
Fixed Term \- Part Time
New York, US, 10036
BBC Studios Distribution
Job Closing Date: 30/06/2025
**THE ROLE**
------------

  

**BBC Studios**

  



Bold. British. Creative: that’s BBC Studios. Combining the strengths of the UK’s most\-awarded production company with a world\-class distributor, we fund, create, distribute and commercialize world\-class content for the BBC and other UK and international companies. Our aim is to inspire audiences around the globe with quality content that informs, educates and entertains and to strengthen the BBC, our partners and wider industry both creatively and financially. We seek to be the best British content company in the world; a first\-choice partner and employer, where everyone can flourish and do their best work.

  



Direct report to Business Intelligence \& Yield Manager (North Americas \& LatAm).

  

**Job Purpose**

  



The purpose of this role is to support the Business Intelligence \& Yield Manager based in New York, with a focus on revenue, digital inventory, and competitor analysis insights.  

  

This role will help support within the North Americas \& LatAm Ad Sales department, while also interacting with all parts of the global Ad Sales business including Business Intelligence, Sales, Marketing, Media Planning, Programmatic, Ad Operations, StoryWorks, among others to drive sales efficiency and effectiveness.

  


* Market Competitive Analysis – Assists with researching and compiling competitive analyses for the North America market.
* Reporting – Provides support on performance insights across all direct and programmatic opportunities to find areas of growth and need.
* Data \& Analytics – Liaison with the Global Business Intelligence and Data team while supporting the Regional Pricing \& Inventory team to extract sales and revenue operations insights.

  

  

**MINIMUM EDUCATION REQUIREMENT:**

  

Bachelor's Degree in Data analysis/insights or current placement in an MBA program  

  

**MINIMUM EXPERIENCE REQUIREMENT:**

  

1\+ year of experience in analytical field.



Tableau familiarity is a must  

  

**MINIMUM SPECIAL SKILLS REQUIREMENT:**

  


* Proficiency in Microsoft Suite, especially in Excel and PowerPoint.
* Familiarity with Business Intelligence tools such as Tableau.
* Interest in data analytics and media advertising
* Attention to details and accuracy
* Links and aligns their activity to support the achievement of overall team objectives
* Responds to requests promptly and positively
* Sets high work ethic and works to continuously develop themselves
* Is receptive to new ideas and approaches
* Works problems through to resolution on their own initiative
* Manages multiple tasks and projects simultaneously
* Supports and provides details on campaigns to ad sales teams

  


**Compensation**

  



$25/hour; 40 hours per week

  


**Duration**

  



3 months

  


**Location**

  



This role is a hybrid opportunity with in office participation required 2\-3 days per week.


**DISCLAIMER**
--------------


This job description is a written statement of the essential characteristics of the job, with its principal accountabilities, incorporating a note of the skills, knowledge and experience required for a satisfactory level of performance. This is not intended to be a complete, detailed account of all aspects of the duties involved.",Media News And Publishing,https://www.indeed.com/cmp/Bbc,https://d2q79iu7y748jz.cloudfront.net/s/_squarelogo/256x256/826482342056ebbbf749f2c92dcfc1d0,https://www.bbc.co.uk/careers/,"London, UK","10,000+",$1B to $5B (USD),"We’re impartial and independent, and every day we create distinctive, world-class programmes and content which inform, educate and entertain millions of people in the UK and around the world.",,,,,,
in-e1f3ef05680bf695,indeed,https://www.indeed.com/viewjob?jk=e1f3ef05680bf695,https://pace.wd1.myworkdayjobs.com/en-US/Pace/job/Novi-MI/IT-Developer-Intern_R4768,IT Developer Intern,Pace Industries,"Novi, MI, US",2025-05-23,parttime,direct_data,yearly,35007.0,43853.0,USD,False,,,,,"Start here, end here. There is a reason why we have so many employees with 20\+ years with the company\-Pace offers careers. Join us in becoming the premier die casting manufacturer and engineering solutions supplier worldwide.
We are seeking a motivated and detail\-oriented Data Analyst Intern to join our dynamic team. As an intern, you will work closely with experienced data analysts and other team members to help analyze, interpret, and present data insights that support business decision\-making. This is an excellent opportunity for individuals pursuing a career in data analysis and looking to gain hands\-on experience in a fast\-paced, professional environment.
Key Responsibilities:* Assist in collecting, cleaning, and organizing data from various sources.
* Conduct exploratory data analysis and identify trends, patterns, and insights.
* Use statistical tools and software (e.g., Excel, Python) to manipulate and analyze datasets.
* Prepare reports and presentations to communicate findings to stakeholders.
* Assist in the creation of dashboards and data visualizations using tools such as Power BI, Tableau, or similar.
* Support the development of data\-driven strategies and recommendations.
* Work with cross\-functional teams to gather data requirements and ensure data integrity.
* Perform ad\-hoc analysis as needed to support business needs and projects.
* Learn and apply best practices in data management and analytics.


Qualifications:* Currently pursuing a degree in Data Science, Statistics, Mathematics, Computer Science, Economics, or a related field.
* Basic understanding of data analysis concepts, data visualization, and statistics.
* Familiarity with data analysis tools such as Microsoft Excel, Python, or similar tools.
* Strong analytical and problem\-solving skills.
* Excellent communication skills, both written and verbal.
* Ability to work independently and as part of a team in a fast\-paced environment.
* Strong attention to detail and the ability to handle multiple tasks effectively.
* Eagerness to learn new tools and technologies related to data analysis.


Preferred Qualifications (Optional):* Experience with data visualization tools (e.g., Tableau, Power BI).
* Exposure to SQL or database management.
* Knowledge of machine learning techniques or statistical analysis.


What You Will Gain:* Practical experience working with real\-world data in a professional setting.
* Exposure to industry\-standard data analysis tools and techniques.
* Mentorship and training from experienced data analysts.
* Opportunity to contribute to meaningful projects and gain a strong foundation for your future career in data analysis.


Pace is a career destination for engaged, passionate and talented people who are driven to seek the innovation, growth and opportunity that only we offer.",Industrial Manufacturing,https://www.indeed.com/cmp/Pace-Industries,https://d2q79iu7y748jz.cloudfront.net/s/_squarelogo/256x256/9928e153154e72cca25c5b6f2998acb1,http://www.paceind.com/careers/career-search,"Corporate Office
28100 Cabot Drive
Suite 200
Novi, MI 48377","1,001 to 5,000",$500M to $1B (USD),"Pace Industries is an integrated company that provides quality die casting, manufacturing and engineering solutions worldwide.",,,,,,
in-11979121b973a982,indeed,https://www.indeed.com/viewjob?jk=11979121b973a982,https://www.governmentjobs.com/careers/highlandpark/jobs/4948302/planning-management-analyst-intern-part-time,Planning & Management Analyst Intern (Part-Time),"City of Highland Park, IL","Highland Park, IL, US",2025-05-21,parttime,direct_data,hourly,20.0,25.0,USD,False,,,,,"**Description of Primary Purpose**
----------------------------------

  

  

  

The City of Highland Park is now accepting applications for the role of Planning \& Management Analyst Intern (Part\-Time).
This position offers an exciting opportunity to gain hands\-on experience in city planning. The Planning Intern performs a variety of entry\-level professional planning and management analyst tasks involving land use regulation and program and development services administration.


The role includes mentorship from senior staff, offering valuable insight into municipal planning processes and career pathways. Ideal for current students or recent graduates in urban planning or a related field looking to apply classroom knowledge in a meaningful and practical setting.

**Part\-Time:** 20 hrs. per week (max 999 hrs. per year), no benefits.

  


**Essential Duties and Responsibilities**
-----------------------------------------

  

  

  

**Essential Duties and Responsibilities****:**
Assists management and other staff with various research projects, report writing and presentations as assigned. Performs research, data collection and analysis, prepares memorandum and reports and creates presentations related to regulatory, operations and long\-term planning initiatives. Researches, compiles and analyzes data from multiple sources to provide information to address a number of current and long\-range planning, development service and program matters.


Prepares narrative reports regarding various land use, operations, strategic planning and program considerations. Assists other staff in delivery and analysis of programmatic services related to affordable housing, permit services, regulatory board / commission, long\-term planning, or other special projects / programs. Assist management in the monitoring and analysis of operations and the development and implementation of new systems, procedures, or practices for the delivery of services. Make recommendations to management through presentations or written reports.


Other tasks include preforming routine office tasks, including data entry, electronic file management, copying and answering telephone. Assists with other administrative functions as needed. May conducts site visits to properties and collects information about field conditions. May assists staff representatives during public participation events or public meetings. Performs other related work as assigned.

  


**Education and Experience**
----------------------------

  

  

**Required Minimum Qualifications****:**
To perform this job successfully, an individual must be able to perform each essential duty satisfactorily. The requirements listed below are representative of the knowledge, skills, and/or ability required. Reasonable accommodations may be made to enable individuals with disabilities to perform the essential functions. **Education****:**
A Bachelor’s Degreein architecture, business or public administration, public policy, geography, urban planning, urban studies, environmental studies or related field. Enrollment in a Master’s Degree program with one year (may be non\-consecutive) of previous paid employment experience.
  

**Certification or license****:**  

A valid driver's license is required.  

  

**Required Knowledge, Skills, and Proficiencies****:*** Knowledge of public administration and planning principles and practices
* Understanding of basic budgetary principles and techniques as they relate to development services, programs and objectives.
* Knowledge of principles and practices of research and data collection, organization and synthesis.
* Skills in fact\-finding and investigative techniques; and development of presentations and reports.
* Strong written and verbal communication skills;
* Willingness and ability to interact with the public in a polite and effective manner to provide excellent customer service.
* Consistently exercise good judgment, maintain confidentiality, and complete work in accordance with established policies and procedures;
* Knowledge of office productivity software Microsoft Office and familiarity with database, graphics (Adobe Creative Suite), web, and GIS applications.
* Performance of all work in a professional manner with the highest level of integrity and in accordance with the City’s conflict of interest policies and practices.",,"https://www.indeed.com/cmp/City-of-Highland-Park,-Il",,https://www.cityhpil.com,Highland Park,201 to 500,,,,,,,,
li-4236793293,linkedin,https://www.linkedin.com/jobs/view/4236793293,,Data Analyst - Level 2 - Junior Level,Lensa,"Fort Worth, TX",2025-05-24,,,,,,,False,,,,,,,https://www.linkedin.com/company/lensa,,,,,,,,,,,,
li-4236444128,linkedin,https://www.linkedin.com/jobs/view/4236444128,,Jr. Data Analyst,ROSEN,"Houston, TX",2025-05-23,,,,,,,False,,,,,,,https://ch.linkedin.com/company/rosen,,,,,,,,,,,,
li-4232580639,linkedin,https://www.linkedin.com/jobs/view/4232580639,,Data Analyst,Avant-garde Health,"Boston, MA",2025-05-21,,,,,,,False,,,,,,,https://www.linkedin.com/company/avant-garde-health,,,,,,,,,,,,
li-4211646360,linkedin,https://www.linkedin.com/jobs/view/4211646360,,"Senior, Data Analyst",Walmart,"Sunnyvale, CA",2025-05-14,,,,,,,False,,,,,,,https://www.linkedin.com/company/walmart,,,,,,,,,,,,
li-4226238153,linkedin,https://www.linkedin.com/jobs/view/4226238153,,Marketing Data Analyst Intern,"Refuel Operating Company, LLC","Charleston, South Carolina Metropolitan Area",2025-05-12,,,,,,,False,,,,,,,https://www.linkedin.com/company/refuel-operating-company-llc,,,,,,,,,,,,
in-3b9cee8a42ae1e5f,indeed,https://www.indeed.com/viewjob?jk=3b9cee8a42ae1e5f,https://prd01-hcm01.prd.mykronos.com/ta/6142380.careers?ShowJob=2063870305,POPULATION HEALTH DATA ANALYST,PIKEVILLE MEDICAL CENTER INC.,"Pikeville, KY, US",2025-05-12,fulltime,direct_data,yearly,29889.0,36411.0,USD,False,,,,,"Population Health Data Analyst\- Performance Improvement
  
  

Associate degree is required. Experience with EHR, data collection and analysis strongly preferred. Ambulatory healthcare experience preferred.
  
  

Strong knowledge of general office equipment and computers, including Word, Excel, and other Windows applications, is required. Must achieve and maintain strong working knowledge of the ambulatory EMR. Medical terminology is required. The ability to communicate effectively with physicians, nurses, other healthcare professionals is required. Strong computer skills is required.
  
  

The Population Health Data Analyst collects, monitors, analyzes, and reports data for the evaluation of population health and equity strategies. This position involves collaboration with physician practice leadership, quality teams, and organizational leadership to evaluate systems to meet the needs of the population served. Responsible for ongoing collection and monitoring of Medicaid HRIP (Hospital Rate Improvement Plan) and KTHRII (Kentucky Trauma Hospital Rate Improvement Initiative) data. Runs/analyzes reports for population health and works with physician practice resources to facilitate care gap workflows to ensure population health goals are met.",,https://www.indeed.com/cmp/Pikeville-Medical-Center-Inc.-3,,,,,,,,,,,,
in-f922fe8c4168022f,indeed,https://www.indeed.com/viewjob?jk=f922fe8c4168022f,https://click.appcast.io/track/luplgf6-org?cs=5c,Mid-Senior Level Federal Financials ERP Business Analyst,CGI,"Lebanon, VA, US",2025-02-07,fulltime,direct_data,yearly,68700.0,135200.0,USD,False,,,,_Compliance@cgi.com,"**Position Description:**
-------------------------


CGI is one of the top 5 largest global IT companies spread across 40 countries with endless opportunities to expand and grow. As a CGI Federal Partner, you have the opportunity to be a shareholder at CGI and join our family.  

  

CGI Federal is seeking a Momentum Federal Business Analyst. This is an exciting full\-time opportunity to work in a fast\-paced team environment supporting one of the largest organizations of the US Federal government. This program will retire the agencys existing legacy system and replace it with Momentum. We take an innovative and collaborative approach to supporting our client, working in an Agile environment using emerging technologies. You will be interacting with a dynamic team of people, with opportunities to learn and grow as you help deliver the overall solution to our client.  

  

This position is located in our Lebanon, VA office; however, a hybrid working model is acceptable.


**Your future duties and responsibilities:**
--------------------------------------------


Support external customers with analyzing current business processes, developing requirements, developing and testing solutions to client issues, and supporting end users.  

Provide Federal Financials subject matter expertise.  

Conduct analysis on problems independently, research and recommend solutions, and execute resolution steps to address client issues.  

Provide functional support for testing such as developing test scenarios and documentation and performing validation testing for the core Momentum application and reports.  

Provide functional support for new initiative implementation activities, such as requirements analysis, development of design and configuration documentation.  

Provide support for federal government mandated initiatives.  

Attend and participate in meetings with client stakeholders. Potentially lead client meetings.


**Required qualifications to be successful in this role:**
----------------------------------------------------------


5\+ years of experience as a Business Analyst supporting a system implementation (requirements analysis, process design, validation, testing, implementation planning)  

5\+ years of experience with Federal Financials and/or Acquisitions ERP system (e.g., Momentum)  

Experience working in an Agile environment (SAFe preferred)  

Ability to effectively communicate and interact with senior level management and clients.  

Strong written and oral communication skills.  

An outstanding ability to establish priorities and meet deadlines.  

4\-year degree in Information Systems, Computer Science or similar.  

  

CGI is required by law in some jurisdictions to include a reasonable estimate of the compensation range for this role. The determination of this range includes various factors not limited to skill set, level, experience, relevant training, and license and certifications. To support the ability to reward for merit\-based performance, CGI typically does not hire individuals at or near the top of the range for their role. Compensation decisions are dependent on the facts and circumstances of each case. A reasonable estimate of the current range for this role in the U.S. is $68,700 \- $135,200  

CGI Federal's benefits are offered to eligible professionals on their first day of employment to include:
  

Competitive compensation  

Comprehensive insurance options  

Matching contributions through the 401(k) plan and the share purchase plan  

Paid time off for vacation, holidays, and sick time  

Paid parental leave  

Learning opportunities and tuition assistance  

Wellness and Well\-being programs  

  

\#CGIFederalJob


**Skills:**
-----------


* Analytical Thinking
* Requirements Analysis
* SAFe Agilist
**What you can expect from us:**
--------------------------------


**Together, as owners, lets turn meaningful insights into action.**  

  

Life at CGI is rooted in ownership, teamwork, respect and belonging. Here, youll reach your full potential because  

  

You are invited to be an owner from day 1 as we work together to bring our Dream to life. Thats why we call ourselves CGI Partners rather than employees. We benefit from our collective success and actively shape our companys strategy and direction.  

  

Your work creates value. Youll develop innovative solutions and build relationships with teammates and clients while accessing global capabilities to scale your ideas, embrace new opportunities, and benefit from expansive industry and technology expertise.  

  

Youll shape your career by joining a company built to grow and last. Youll be supported by leaders who care about your health and well\-being and provide you with opportunities to deepen your skills and broaden your horizons.
  

  

Come join our teamone of the largest IT and business consulting services firms in the world.  

  

Qualified applicants will receive consideration for employment without regard to their race, ethnicity, ancestry, color, sex, religion, creed, age, national origin, citizenship status, disability, pregnancy, medical condition, military and veteran status, marital status, sexual orientation or perceived sexual orientation, gender, gender identity, and gender expression, familial status or responsibilities, reproductive health decisions, political affiliation, genetic information, height, weight, or any other legally protected status or characteristics to the extent required by applicable federal, state, and/or local laws where we do business.  

  

CGI provides reasonable accommodations to qualified individuals with disabilities. If you need an accommodation to apply for a job in the U.S., please email the CGI U.S. Employment Compliance mailbox at US\_Employment\_Compliance@cgi.com. You will need to reference the Position ID of the position in which you are interested. Your message will be routed to the appropriate recruiter who will assist you. **Please note, this email address is only to be used for those individuals who need an accommodation to apply for a job. Emails for any other reason or those that do not include a Position ID will not be returned.**  

  

We make it easy to translate military experience and skills! Click here to be directed to our site that is dedicated to veterans and transitioning service members.  

  

All CGI offers of employment in the U.S. are contingent upon the ability to successfully complete a background investigation. Background investigation components can vary dependent upon specific assignment and/or level of US government security clearance held. Dependent upon role and/or federal government security clearance requirements, and in accordance with applicable laws, some background investigations may include a credit check. CGI will consider for employment qualified applicants with arrests and conviction records in accordance with all local regulations and ordinances.  

  

CGI will not discharge or in any other manner discriminate against employees or applicants because they have inquired about, discussed, or disclosed their own pay or the pay of another employee or applicant. However, employees who have access to the compensation information of other employees or applicants as a part of their essential job functions cannot disclose the pay of other employees or applicants to individuals who do not otherwise have access to compensation information, unless the disclosure is (a) in response to a formal complaint or charge, (b) in furtherance of an investigation, proceeding, hearing, or action, including an investigation conducted by the employer, or (c) consistent with CGIs legal duty to furnish information.",,https://www.indeed.com/cmp/CGI,https://d2q79iu7y748jz.cloudfront.net/s/_squarelogo/256x256/51c3df578fe3a264ab17a8b8a6cb5426,https://www.cgi.com,"Montreal, QC","10,000+",more than $10B (USD),"Founded in 1976, CGI is among the largest IT and business consulting services firms in the world.",,,,,,
li-4138705392,linkedin,https://www.linkedin.com/jobs/view/4138705392,,Data Analyst,Stripe,"Toronto, Ontario, Canada",2025-05-25,,,,,,,False,,,,,,,https://www.linkedin.com/company/stripe,,,,,,,,,,,,
li-4213941581,linkedin,https://www.linkedin.com/jobs/view/4213941581,,"Data Analyst, Fulfillment",Lyft,"Toronto, Ontario, Canada",2025-05-16,,,,,,,False,,,,,,,https://www.linkedin.com/company/lyft,,,,,,,,,,,,
li-3847778634,linkedin,https://www.linkedin.com/jobs/view/3847778634,,Data Analyst,Stripe,"Toronto, Ontario, Canada",2025-05-13,,,,,,,False,,,,,,,https://www.linkedin.com/company/stripe,,,,,,,,,,,,
li-4179708363,linkedin,https://www.linkedin.com/jobs/view/4179708363,,"Data Analyst, Mapping",Lyft,"Toronto, Ontario, Canada",2025-05-13,,,,,,,False,,,,,,,https://www.linkedin.com/company/lyft,,,,,,,,,,,,
li-4227110675,linkedin,https://www.linkedin.com/jobs/view/4227110675,,Data Analyst,Zynga,"Toronto, Ontario, Canada",2025-05-09,,,,,,,False,,,,,,,https://www.linkedin.com/company/zynga,,,,,,,,,,,,
li-4236415438,linkedin,https://www.linkedin.com/jobs/view/4236415438,,Freelance Data Analyst (Python) - AI Tutor,Mindrift,,2025-05-23,,,,,,,False,,,,,,,https://www.linkedin.com/company/mindrift-ai,,,,,,,,,,,,
li-4236412812,linkedin,https://www.linkedin.com/jobs/view/4236412812,,Freelance Data Analyst (Python) - AI Tutor,Mindrift,"Toronto, Ontario, Canada",2025-05-23,,,,,,,False,,,,,,,https://www.linkedin.com/company/mindrift-ai,,,,,,,,,,,,
li-4225542307,linkedin,https://www.linkedin.com/jobs/view/4225542307,,Part-time Data Quality Analyst (Fraud Investigation),owl.co,"Toronto, Ontario, Canada",2025-04-12,,,,,,,False,,,,,,,https://ca.linkedin.com/company/owldotco,,,,,,,,,,,,
li-4235248020,linkedin,https://www.linkedin.com/jobs/view/4235248020,,Data Analyst,ROJNKFP-GROU-COM,"Ottawa, Ontario, Canada",,,,,,,,False,,,,,,,https://www.linkedin.com/company/rojnkfp-grou-com,,,,,,,,,,,,
li-4235247581,linkedin,https://www.linkedin.com/jobs/view/4235247581,,Data Analyst,ROJN-GROU-COM,"British Columbia, Canada",,,,,,,,False,,,,,,,https://www.linkedin.com/company/rojn-grou-com,,,,,,,,,,,,
